ID,Nombre,Categoria,Stock,Precio,Proveedor,FechaIngreso,FechaVencimiento,Ubicacion,CodigoBarras
1,Producto_1,Categoria_2,3,1.5,Proveedor_2,2024-03-2,2025-03-2,Almacen_2,BARCODE00001
2,Producto_2,Categoria_3,6,3.0,Proveedor_3,2024-03-3,2025-03-3,Almacen_3,BARCODE00002
3,Producto_3,Categoria_4,9,4.5,Proveedor_4,2024-03-4,2025-03-4,Almacen_1,BARCODE00003
4,Producto_4,Categoria_5,12,6.0,Proveedor_5,2024-03-5,2025-03-5,Almacen_2,BARCODE00004
5,Producto_5,Categoria_6,15,7.5,Proveedor_1,2024-03-6,2025-03-6,Almacen_3,BARCODE00005
6,Producto_6,Categoria_7,18,9.0,Proveedor_2,2024-03-7,2025-03-7,Almacen_1,BARCODE00006
7,Producto_7,Categoria_8,21,10.5,Proveedor_3,2024-03-8,2025-03-8,Almacen_2,BARCODE00007
8,Producto_8,Categoria_9,24,12.0,Proveedor_4,2024-03-9,2025-03-9,Almacen_3,BARCODE00008
9,Producto_9,Categoria_10,27,13.5,Proveedor_5,2024-03-10,2025-03-10,Almacen_1,BARCODE00009
10,Producto_10,Categoria_1,30,15.0,Proveedor_1,2024-03-11,2025-03-11,Almacen_2,BARCODE00010
11,Producto_11,Categoria_2,33,16.5,Proveedor_2,2024-03-12,2025-03-12,Almacen_3,BARCODE00011
12,Producto_12,Categoria_3,36,18.0,Proveedor_3,2024-03-13,2025-03-13,Almacen_1,BARCODE00012
13,Producto_13,Categoria_4,39,19.5,Proveedor_4,2024-03-14,2025-03-14,Almacen_2,BARCODE00013
14,Producto_14,Categoria_5,42,21.0,Proveedor_5,2024-03-15,2025-03-15,Almacen_3,BARCODE00014
15,Producto_15,Categoria_6,45,22.5,Proveedor_1,2024-03-16,2025-03-16,Almacen_1,BARCODE00015
16,Producto_16,Categoria_7,48,24.0,Proveedor_2,2024-03-17,2025-03-17,Almacen_2,BARCODE00016
17,Producto_17,Categoria_8,51,25.5,Proveedor_3,2024-03-18,2025-03-18,Almacen_3,BARCODE00017
18,Producto_18,Categoria_9,54,27.0,Proveedor_4,2024-03-19,2025-03-19,Almacen_1,BARCODE00018
19,Producto_19,Categoria_10,57,28.5,Proveedor_5,2024-03-20,2025-03-20,Almacen_2,BARCODE00019
20,Producto_20,Categoria_1,60,30.0,Proveedor_1,2024-03-21,2025-03-21,Almacen_3,BARCODE00020
21,Producto_21,Categoria_2,63,31.5,Proveedor_2,2024-03-22,2025-03-22,Almacen_1,BARCODE00021
22,Producto_22,Categoria_3,66,33.0,Proveedor_3,2024-03-23,2025-03-23,Almacen_2,BARCODE00022
23,Producto_23,Categoria_4,69,34.5,Proveedor_4,2024-03-24,2025-03-24,Almacen_3,BARCODE00023
24,Producto_24,Categoria_5,72,36.0,Proveedor_5,2024-03-25,2025-03-25,Almacen_1,BARCODE00024
25,Producto_25,Categoria_6,75,37.5,Proveedor_1,2024-03-26,2025-03-26,Almacen_2,BARCODE00025
26,Producto_26,Categoria_7,78,39.0,Proveedor_2,2024-03-27,2025-03-27,Almacen_3,BARCODE00026
27,Producto_27,Categoria_8,81,40.5,Proveedor_3,2024-03-28,2025-03-28,Almacen_1,BARCODE00027
28,Producto_28,Categoria_9,84,42.0,Proveedor_4,2024-03-1,2025-03-1,Almacen_2,BARCODE00028
29,Producto_29,Categoria_10,87,43.5,Proveedor_5,2024-03-2,2025-03-2,Almacen_3,BARCODE00029
30,Producto_30,Categoria_1,90,45.0,Proveedor_1,2024-03-3,2025-03-3,Almacen_1,BARCODE00030
31,Producto_31,Categoria_2,93,46.5,Proveedor_2,2024-03-4,2025-03-4,Almacen_2,BARCODE00031
32,Producto_32,Categoria_3,96,48.0,Proveedor_3,2024-03-5,2025-03-5,Almacen_3,BARCODE00032
33,Producto_33,Categoria_4,99,49.5,Proveedor_4,2024-03-6,2025-03-6,Almacen_1,BARCODE00033
34,Producto_34,Categoria_5,102,51.0,Proveedor_5,2024-03-7,2025-03-7,Almacen_2,BARCODE00034
35,Producto_35,Categoria_6,105,52.5,Proveedor_1,2024-03-8,2025-03-8,Almacen_3,BARCODE00035
36,Producto_36,Categoria_7,108,54.0,Proveedor_2,2024-03-9,2025-03-9,Almacen_1,BARCODE00036
37,Producto_37,Categoria_8,111,55.5,Proveedor_3,2024-03-10,2025-03-10,Almacen_2,BARCODE00037
38,Producto_38,Categoria_9,114,57.0,Proveedor_4,2024-03-11,2025-03-11,Almacen_3,BARCODE00038
39,Producto_39,Categoria_10,117,58.5,Proveedor_5,2024-03-12,2025-03-12,Almacen_1,BARCODE00039
40,Producto_40,Categoria_1,120,60.0,Proveedor_1,2024-03-13,2025-03-13,Almacen_2,BARCODE00040
41,Producto_41,Categoria_2,123,61.5,Proveedor_2,2024-03-14,2025-03-14,Almacen_3,BARCODE00041
42,Producto_42,Categoria_3,126,63.0,Proveedor_3,2024-03-15,2025-03-15,Almacen_1,BARCODE00042
43,Producto_43,Categoria_4,129,64.5,Proveedor_4,2024-03-16,2025-03-16,Almacen_2,BARCODE00043
44,Producto_44,Categoria_5,132,66.0,Proveedor_5,2024-03-17,2025-03-17,Almacen_3,BARCODE00044
45,Producto_45,Categoria_6,135,67.5,Proveedor_1,2024-03-18,2025-03-18,Almacen_1,BARCODE00045
46,Producto_46,Categoria_7,138,69.0,Proveedor_2,2024-03-19,2025-03-19,Almacen_2,BARCODE00046
47,Producto_47,Categoria_8,141,70.5,Proveedor_3,2024-03-20,2025-03-20,Almacen_3,BARCODE00047
48,Producto_48,Categoria_9,144,72.0,Proveedor_4,2024-03-21,2025-03-21,Almacen_1,BARCODE00048
49,Producto_49,Categoria_10,147,73.5,Proveedor_5,2024-03-22,2025-03-22,Almacen_2,BARCODE00049
50,Producto_50,Categoria_1,150,75.0,Proveedor_1,2024-03-23,2025-03-23,Almacen_3,BARCODE00050
51,Producto_51,Categoria_2,153,76.5,Proveedor_2,2024-03-24,2025-03-24,Almacen_1,BARCODE00051
52,Producto_52,Categoria_3,156,78.0,Proveedor_3,2024-03-25,2025-03-25,Almacen_2,BARCODE00052
53,Producto_53,Categoria_4,159,79.5,Proveedor_4,2024-03-26,2025-03-26,Almacen_3,BARCODE00053
54,Producto_54,Categoria_5,162,81.0,Proveedor_5,2024-03-27,2025-03-27,Almacen_1,BARCODE00054
55,Producto_55,Categoria_6,165,82.5,Proveedor_1,2024-03-28,2025-03-28,Almacen_2,BARCODE00055
56,Producto_56,Categoria_7,168,84.0,Proveedor_2,2024-03-1,2025-03-1,Almacen_3,BARCODE00056
57,Producto_57,Categoria_8,171,85.5,Proveedor_3,2024-03-2,2025-03-2,Almacen_1,BARCODE00057
58,Producto_58,Categoria_9,174,87.0,Proveedor_4,2024-03-3,2025-03-3,Almacen_2,BARCODE00058
59,Producto_59,Categoria_10,177,88.5,Proveedor_5,2024-03-4,2025-03-4,Almacen_3,BARCODE00059
60,Producto_60,Categoria_1,180,90.0,Proveedor_1,2024-03-5,2025-03-5,Almacen_1,BARCODE00060
61,Producto_61,Categoria_2,183,91.5,Proveedor_2,2024-03-6,2025-03-6,Almacen_2,BARCODE00061
62,Producto_62,Categoria_3,186,93.0,Proveedor_3,2024-03-7,2025-03-7,Almacen_3,BARCODE00062
63,Producto_63,Categoria_4,189,94.5,Proveedor_4,2024-03-8,2025-03-8,Almacen_1,BARCODE00063
64,Producto_64,Categoria_5,192,96.0,Proveedor_5,2024-03-9,2025-03-9,Almacen_2,BARCODE00064
65,Producto_65,Categoria_6,195,97.5,Proveedor_1,2024-03-10,2025-03-10,Almacen_3,BARCODE00065
66,Producto_66,Categoria_7,198,99.0,Proveedor_2,2024-03-11,2025-03-11,Almacen_1,BARCODE00066
67,Producto_67,Categoria_8,1,100.5,Proveedor_3,2024-03-12,2025-03-12,Almacen_2,BARCODE00067
68,Producto_68,Categoria_9,4,102.0,Proveedor_4,2024-03-13,2025-03-13,Almacen_3,BARCODE00068
69,Producto_69,Categoria_10,7,103.5,Proveedor_5,2024-03-14,2025-03-14,Almacen_1,BARCODE00069
70,Producto_70,Categoria_1,10,105.0,Proveedor_1,2024-03-15,2025-03-15,Almacen_2,BARCODE00070
71,Producto_71,Categoria_2,13,106.5,Proveedor_2,2024-03-16,2025-03-16,Almacen_3,BARCODE00071
72,Producto_72,Categoria_3,16,108.0,Proveedor_3,2024-03-17,2025-03-17,Almacen_1,BARCODE00072
73,Producto_73,Categoria_4,19,109.5,Proveedor_4,2024-03-18,2025-03-18,Almacen_2,BARCODE00073
74,Producto_74,Categoria_5,22,111.0,Proveedor_5,2024-03-19,2025-03-19,Almacen_3,BARCODE00074
75,Producto_75,Categoria_6,25,112.5,Proveedor_1,2024-03-20,2025-03-20,Almacen_1,BARCODE00075
76,Producto_76,Categoria_7,28,114.0,Proveedor_2,2024-03-21,2025-03-21,Almacen_2,BARCODE00076
77,Producto_77,Categoria_8,31,115.5,Proveedor_3,2024-03-22,2025-03-22,Almacen_3,BARCODE00077
78,Producto_78,Categoria_9,34,117.0,Proveedor_4,2024-03-23,2025-03-23,Almacen_1,BARCODE00078
79,Producto_79,Categoria_10,37,118.5,Proveedor_5,2024-03-24,2025-03-24,Almacen_2,BARCODE00079
80,Producto_80,Categoria_1,40,120.0,Proveedor_1,2024-03-25,2025-03-25,Almacen_3,BARCODE00080
81,Producto_81,Categoria_2,43,121.5,Proveedor_2,2024-03-26,2025-03-26,Almacen_1,BARCODE00081
82,Producto_82,Categoria_3,46,123.0,Proveedor_3,2024-03-27,2025-03-27,Almacen_2,BARCODE00082
83,Producto_83,Categoria_4,49,124.5,Proveedor_4,2024-03-28,2025-03-28,Almacen_3,BARCODE00083
84,Producto_84,Categoria_5,52,126.0,Proveedor_5,2024-03-1,2025-03-1,Almacen_1,BARCODE00084
85,Producto_85,Categoria_6,55,127.5,Proveedor_1,2024-03-2,2025-03-2,Almacen_2,BARCODE00085
86,Producto_86,Categoria_7,58,129.0,Proveedor_2,2024-03-3,2025-03-3,Almacen_3,BARCODE00086
87,Producto_87,Categoria_8,61,130.5,Proveedor_3,2024-03-4,2025-03-4,Almacen_1,BARCODE00087
88,Producto_88,Categoria_9,64,132.0,Proveedor_4,2024-03-5,2025-03-5,Almacen_2,BARCODE00088
89,Producto_89,Categoria_10,67,133.5,Proveedor_5,2024-03-6,2025-03-6,Almacen_3,BARCODE00089
90,Producto_90,Categoria_1,70,135.0,Proveedor_1,2024-03-7,2025-03-7,Almacen_1,BARCODE00090
91,Producto_91,Categoria_2,73,136.5,Proveedor_2,2024-03-8,2025-03-8,Almacen_2,BARCODE00091
92,Producto_92,Categoria_3,76,138.0,Proveedor_3,2024-03-9,2025-03-9,Almacen_3,BARCODE00092
93,Producto_93,Categoria_4,79,139.5,Proveedor_4,2024-03-10,2025-03-10,Almacen_1,BARCODE00093
94,Producto_94,Categoria_5,82,141.0,Proveedor_5,2024-03-11,2025-03-11,Almacen_2,BARCODE00094
95,Producto_95,Categoria_6,85,142.5,Proveedor_1,2024-03-12,2025-03-12,Almacen_3,BARCODE00095
96,Producto_96,Categoria_7,88,144.0,Proveedor_2,2024-03-13,2025-03-13,Almacen_1,BARCODE00096
97,Producto_97,Categoria_8,91,145.5,Proveedor_3,2024-03-14,2025-03-14,Almacen_2,BARCODE00097
98,Producto_98,Categoria_9,94,147.0,Proveedor_4,2024-03-15,2025-03-15,Almacen_3,BARCODE00098
99,Producto_99,Categoria_10,97,148.5,Proveedor_5,2024-03-16,2025-03-16,Almacen_1,BARCODE00099
100,Producto_100,Categoria_1,100,150.0,Proveedor_1,2024-03-17,2025-03-17,Almacen_2,BARCODE00100
101,Producto_101,Categoria_2,103,151.5,Proveedor_2,2024-03-18,2025-03-18,Almacen_3,BARCODE00101
102,Producto_102,Categoria_3,106,153.0,Proveedor_3,2024-03-19,2025-03-19,Almacen_1,BARCODE00102
103,Producto_103,Categoria_4,109,154.5,Proveedor_4,2024-03-20,2025-03-20,Almacen_2,BARCODE00103
104,Producto_104,Categoria_5,112,156.0,Proveedor_5,2024-03-21,2025-03-21,Almacen_3,BARCODE00104
105,Producto_105,Categoria_6,115,157.5,Proveedor_1,2024-03-22,2025-03-22,Almacen_1,BARCODE00105
106,Producto_106,Categoria_7,118,159.0,Proveedor_2,2024-03-23,2025-03-23,Almacen_2,BARCODE00106
107,Producto_107,Categoria_8,121,160.5,Proveedor_3,2024-03-24,2025-03-24,Almacen_3,BARCODE00107
108,Producto_108,Categoria_9,124,162.0,Proveedor_4,2024-03-25,2025-03-25,Almacen_1,BARCODE00108
109,Producto_109,Categoria_10,127,163.5,Proveedor_5,2024-03-26,2025-03-26,Almacen_2,BARCODE00109
110,Producto_110,Categoria_1,130,165.0,Proveedor_1,2024-03-27,2025-03-27,Almacen_3,BARCODE00110
111,Producto_111,Categoria_2,133,166.5,Proveedor_2,2024-03-28,2025-03-28,Almacen_1,BARCODE00111
112,Producto_112,Categoria_3,136,168.0,Proveedor_3,2024-03-1,2025-03-1,Almacen_2,BARCODE00112
113,Producto_113,Categoria_4,139,169.5,Proveedor_4,2024-03-2,2025-03-2,Almacen_3,BARCODE00113
114,Producto_114,Categoria_5,142,171.0,Proveedor_5,2024-03-3,2025-03-3,Almacen_1,BARCODE00114
115,Producto_115,Categoria_6,145,172.5,Proveedor_1,2024-03-4,2025-03-4,Almacen_2,BARCODE00115
116,Producto_116,Categoria_7,148,174.0,Proveedor_2,2024-03-5,2025-03-5,Almacen_3,BARCODE00116
117,Producto_117,Categoria_8,151,175.5,Proveedor_3,2024-03-6,2025-03-6,Almacen_1,BARCODE00117
118,Producto_118,Categoria_9,154,177.0,Proveedor_4,2024-03-7,2025-03-7,Almacen_2,BARCODE00118
119,Producto_119,Categoria_10,157,178.5,Proveedor_5,2024-03-8,2025-03-8,Almacen_3,BARCODE00119
120,Producto_120,Categoria_1,160,180.0,Proveedor_1,2024-03-9,2025-03-9,Almacen_1,BARCODE00120
121,Producto_121,Categoria_2,163,181.5,Proveedor_2,2024-03-10,2025-03-10,Almacen_2,BARCODE00121
122,Producto_122,Categoria_3,166,183.0,Proveedor_3,2024-03-11,2025-03-11,Almacen_3,BARCODE00122
123,Producto_123,Categoria_4,169,184.5,Proveedor_4,2024-03-12,2025-03-12,Almacen_1,BARCODE00123
124,Producto_124,Categoria_5,172,186.0,Proveedor_5,2024-03-13,2025-03-13,Almacen_2,BARCODE00124
125,Producto_125,Categoria_6,175,187.5,Proveedor_1,2024-03-14,2025-03-14,Almacen_3,BARCODE00125
126,Producto_126,Categoria_7,178,189.0,Proveedor_2,2024-03-15,2025-03-15,Almacen_1,BARCODE00126
127,Producto_127,Categoria_8,181,190.5,Proveedor_3,2024-03-16,2025-03-16,Almacen_2,BARCODE00127
128,Producto_128,Categoria_9,184,192.0,Proveedor_4,2024-03-17,2025-03-17,Almacen_3,BARCODE00128
129,Producto_129,Categoria_10,187,193.5,Proveedor_5,2024-03-18,2025-03-18,Almacen_1,BARCODE00129
130,Producto_130,Categoria_1,190,195.0,Proveedor_1,2024-03-19,2025-03-19,Almacen_2,BARCODE00130
131,Producto_131,Categoria_2,193,196.5,Proveedor_2,2024-03-20,2025-03-20,Almacen_3,BARCODE00131
132,Producto_132,Categoria_3,196,198.0,Proveedor_3,2024-03-21,2025-03-21,Almacen_1,BARCODE00132
133,Producto_133,Categoria_4,199,199.5,Proveedor_4,2024-03-22,2025-03-22,Almacen_2,BARCODE00133
134,Producto_134,Categoria_5,2,201.0,Proveedor_5,2024-03-23,2025-03-23,Almacen_3,BARCODE00134
135,Producto_135,Categoria_6,5,202.5,Proveedor_1,2024-03-24,2025-03-24,Almacen_1,BARCODE00135
136,Producto_136,Categoria_7,8,204.0,Proveedor_2,2024-03-25,2025-03-25,Almacen_2,BARCODE00136
137,Producto_137,Categoria_8,11,205.5,Proveedor_3,2024-03-26,2025-03-26,Almacen_3,BARCODE00137
138,Producto_138,Categoria_9,14,207.0,Proveedor_4,2024-03-27,2025-03-27,Almacen_1,BARCODE00138
139,Producto_139,Categoria_10,17,208.5,Proveedor_5,2024-03-28,2025-03-28,Almacen_2,BARCODE00139
140,Producto_140,Categoria_1,20,210.0,Proveedor_1,2024-03-1,2025-03-1,Almacen_3,BARCODE00140
141,Producto_141,Categoria_2,23,211.5,Proveedor_2,2024-03-2,2025-03-2,Almacen_1,BARCODE00141
142,Producto_142,Categoria_3,26,213.0,Proveedor_3,2024-03-3,2025-03-3,Almacen_2,BARCODE00142
143,Producto_143,Categoria_4,29,214.5,Proveedor_4,2024-03-4,2025-03-4,Almacen_3,BARCODE00143
144,Producto_144,Categoria_5,32,216.0,Proveedor_5,2024-03-5,2025-03-5,Almacen_1,BARCODE00144
145,Producto_145,Categoria_6,35,217.5,Proveedor_1,2024-03-6,2025-03-6,Almacen_2,BARCODE00145
146,Producto_146,Categoria_7,38,219.0,Proveedor_2,2024-03-7,2025-03-7,Almacen_3,BARCODE00146
147,Producto_147,Categoria_8,41,220.5,Proveedor_3,2024-03-8,2025-03-8,Almacen_1,BARCODE00147
148,Producto_148,Categoria_9,44,222.0,Proveedor_4,2024-03-9,2025-03-9,Almacen_2,BARCODE00148
149,Producto_149,Categoria_10,47,223.5,Proveedor_5,2024-03-10,2025-03-10,Almacen_3,BARCODE00149
150,Producto_150,Categoria_1,50,225.0,Proveedor_1,2024-03-11,2025-03-11,Almacen_1,BARCODE00150
151,Producto_151,Categoria_2,53,226.5,Proveedor_2,2024-03-12,2025-03-12,Almacen_2,BARCODE00151
152,Producto_152,Categoria_3,56,228.0,Proveedor_3,2024-03-13,2025-03-13,Almacen_3,BARCODE00152
153,Producto_153,Categoria_4,59,229.5,Proveedor_4,2024-03-14,2025-03-14,Almacen_1,BARCODE00153
154,Producto_154,Categoria_5,62,231.0,Proveedor_5,2024-03-15,2025-03-15,Almacen_2,BARCODE00154
155,Producto_155,Categoria_6,65,232.5,Proveedor_1,2024-03-16,2025-03-16,Almacen_3,BARCODE00155
156,Producto_156,Categoria_7,68,234.0,Proveedor_2,2024-03-17,2025-03-17,Almacen_1,BARCODE00156
157,Producto_157,Categoria_8,71,235.5,Proveedor_3,2024-03-18,2025-03-18,Almacen_2,BARCODE00157
158,Producto_158,Categoria_9,74,237.0,Proveedor_4,2024-03-19,2025-03-19,Almacen_3,BARCODE00158
159,Producto_159,Categoria_10,77,238.5,Proveedor_5,2024-03-20,2025-03-20,Almacen_1,BARCODE00159
160,Producto_160,Categoria_1,80,240.0,Proveedor_1,2024-03-21,2025-03-21,Almacen_2,BARCODE00160
161,Producto_161,Categoria_2,83,241.5,Proveedor_2,2024-03-22,2025-03-22,Almacen_3,BARCODE00161
162,Producto_162,Categoria_3,86,243.0,Proveedor_3,2024-03-23,2025-03-23,Almacen_1,BARCODE00162
163,Producto_163,Categoria_4,89,244.5,Proveedor_4,2024-03-24,2025-03-24,Almacen_2,BARCODE00163
164,Producto_164,Categoria_5,92,246.0,Proveedor_5,2024-03-25,2025-03-25,Almacen_3,BARCODE00164
165,Producto_165,Categoria_6,95,247.5,Proveedor_1,2024-03-26,2025-03-26,Almacen_1,BARCODE00165
166,Producto_166,Categoria_7,98,249.0,Proveedor_2,2024-03-27,2025-03-27,Almacen_2,BARCODE00166
167,Producto_167,Categoria_8,101,250.5,Proveedor_3,2024-03-28,2025-03-28,Almacen_3,BARCODE00167
168,Producto_168,Categoria_9,104,252.0,Proveedor_4,2024-03-1,2025-03-1,Almacen_1,BARCODE00168
169,Producto_169,Categoria_10,107,253.5,Proveedor_5,2024-03-2,2025-03-2,Almacen_2,BARCODE00169
170,Producto_170,Categoria_1,110,255.0,Proveedor_1,2024-03-3,2025-03-3,Almacen_3,BARCODE00170
171,Producto_171,Categoria_2,113,256.5,Proveedor_2,2024-03-4,2025-03-4,Almacen_1,BARCODE00171
172,Producto_172,Categoria_3,116,258.0,Proveedor_3,2024-03-5,2025-03-5,Almacen_2,BARCODE00172
173,Producto_173,Categoria_4,119,259.5,Proveedor_4,2024-03-6,2025-03-6,Almacen_3,BARCODE00173
174,Producto_174,Categoria_5,122,261.0,Proveedor_5,2024-03-7,2025-03-7,Almacen_1,BARCODE00174
175,Producto_175,Categoria_6,125,262.5,Proveedor_1,2024-03-8,2025-03-8,Almacen_2,BARCODE00175
176,Producto_176,Categoria_7,128,264.0,Proveedor_2,2024-03-9,2025-03-9,Almacen_3,BARCODE00176
177,Producto_177,Categoria_8,131,265.5,Proveedor_3,2024-03-10,2025-03-10,Almacen_1,BARCODE00177
178,Producto_178,Categoria_9,134,267.0,Proveedor_4,2024-03-11,2025-03-11,Almacen_2,BARCODE00178
179,Producto_179,Categoria_10,137,268.5,Proveedor_5,2024-03-12,2025-03-12,Almacen_3,BARCODE00179
180,Producto_180,Categoria_1,140,270.0,Proveedor_1,2024-03-13,2025-03-13,Almacen_1,BARCODE00180
181,Producto_181,Categoria_2,143,271.5,Proveedor_2,2024-03-14,2025-03-14,Almacen_2,BARCODE00181
182,Producto_182,Categoria_3,146,273.0,Proveedor_3,2024-03-15,2025-03-15,Almacen_3,BARCODE00182
183,Producto_183,Categoria_4,149,274.5,Proveedor_4,2024-03-16,2025-03-16,Almacen_1,BARCODE00183
184,Producto_184,Categoria_5,152,276.0,Proveedor_5,2024-03-17,2025-03-17,Almacen_2,BARCODE00184
185,Producto_185,Categoria_6,155,277.5,Proveedor_1,2024-03-18,2025-03-18,Almacen_3,BARCODE00185
186,Producto_186,Categoria_7,158,279.0,Proveedor_2,2024-03-19,2025-03-19,Almacen_1,BARCODE00186
187,Producto_187,Categoria_8,161,280.5,Proveedor_3,2024-03-20,2025-03-20,Almacen_2,BARCODE00187
188,Producto_188,Categoria_9,164,282.0,Proveedor_4,2024-03-21,2025-03-21,Almacen_3,BARCODE00188
189,Producto_189,Categoria_10,167,283.5,Proveedor_5,2024-03-22,2025-03-22,Almacen_1,BARCODE00189
190,Producto_190,Categoria_1,170,285.0,Proveedor_1,2024-03-23,2025-03-23,Almacen_2,BARCODE00190
191,Producto_191,Categoria_2,173,286.5,Proveedor_2,2024-03-24,2025-03-24,Almacen_3,BARCODE00191
192,Producto_192,Categoria_3,176,288.0,Proveedor_3,2024-03-25,2025-03-25,Almacen_1,BARCODE00192
193,Producto_193,Categoria_4,179,289.5,Proveedor_4,2024-03-26,2025-03-26,Almacen_2,BARCODE00193
194,Producto_194,Categoria_5,182,291.0,Proveedor_5,2024-03-27,2025-03-27,Almacen_3,BARCODE00194
195,Producto_195,Categoria_6,185,292.5,Proveedor_1,2024-03-28,2025-03-28,Almacen_1,BARCODE00195
196,Producto_196,Categoria_7,188,294.0,Proveedor_2,2024-03-1,2025-03-1,Almacen_2,BARCODE00196
197,Producto_197,Categoria_8,191,295.5,Proveedor_3,2024-03-2,2025-03-2,Almacen_3,BARCODE00197
198,Producto_198,Categoria_9,194,297.0,Proveedor_4,2024-03-3,2025-03-3,Almacen_1,BARCODE00198
199,Producto_199,Categoria_10,197,298.5,Proveedor_5,2024-03-4,2025-03-4,Almacen_2,BARCODE00199
200,Producto_200,Categoria_1,0,300.0,Proveedor_1,2024-03-5,2025-03-5,Almacen_3,BARCODE00200
201,Producto_201,Categoria_2,3,301.5,Proveedor_2,2024-03-6,2025-03-6,Almacen_1,BARCODE00201
202,Producto_202,Categoria_3,6,303.0,Proveedor_3,2024-03-7,2025-03-7,Almacen_2,BARCODE00202
203,Producto_203,Categoria_4,9,304.5,Proveedor_4,2024-03-8,2025-03-8,Almacen_3,BARCODE00203
204,Producto_204,Categoria_5,12,306.0,Proveedor_5,2024-03-9,2025-03-9,Almacen_1,BARCODE00204
205,Producto_205,Categoria_6,15,307.5,Proveedor_1,2024-03-10,2025-03-10,Almacen_2,BARCODE00205
206,Producto_206,Categoria_7,18,309.0,Proveedor_2,2024-03-11,2025-03-11,Almacen_3,BARCODE00206
207,Producto_207,Categoria_8,21,310.5,Proveedor_3,2024-03-12,2025-03-12,Almacen_1,BARCODE00207
208,Producto_208,Categoria_9,24,312.0,Proveedor_4,2024-03-13,2025-03-13,Almacen_2,BARCODE00208
209,Producto_209,Categoria_10,27,313.5,Proveedor_5,2024-03-14,2025-03-14,Almacen_3,BARCODE00209
210,Producto_210,Categoria_1,30,315.0,Proveedor_1,2024-03-15,2025-03-15,Almacen_1,BARCODE00210
211,Producto_211,Categoria_2,33,316.5,Proveedor_2,2024-03-16,2025-03-16,Almacen_2,BARCODE00211
212,Producto_212,Categoria_3,36,318.0,Proveedor_3,2024-03-17,2025-03-17,Almacen_3,BARCODE00212
213,Producto_213,Categoria_4,39,319.5,Proveedor_4,2024-03-18,2025-03-18,Almacen_1,BARCODE00213
214,Producto_214,Categoria_5,42,321.0,Proveedor_5,2024-03-19,2025-03-19,Almacen_2,BARCODE00214
215,Producto_215,Categoria_6,45,322.5,Proveedor_1,2024-03-20,2025-03-20,Almacen_3,BARCODE00215
216,Producto_216,Categoria_7,48,324.0,Proveedor_2,2024-03-21,2025-03-21,Almacen_1,BARCODE00216
217,Producto_217,Categoria_8,51,325.5,Proveedor_3,2024-03-22,2025-03-22,Almacen_2,BARCODE00217
218,Producto_218,Categoria_9,54,327.0,Proveedor_4,2024-03-23,2025-03-23,Almacen_3,BARCODE00218
219,Producto_219,Categoria_10,57,328.5,Proveedor_5,2024-03-24,2025-03-24,Almacen_1,BARCODE00219
220,Producto_220,Categoria_1,60,330.0,Proveedor_1,2024-03-25,2025-03-25,Almacen_2,BARCODE00220
221,Producto_221,Categoria_2,63,331.5,Proveedor_2,2024-03-26,2025-03-26,Almacen_3,BARCODE00221
222,Producto_222,Categoria_3,66,333.0,Proveedor_3,2024-03-27,2025-03-27,Almacen_1,BARCODE00222
223,Producto_223,Categoria_4,69,334.5,Proveedor_4,2024-03-28,2025-03-28,Almacen_2,BARCODE00223
224,Producto_224,Categoria_5,72,336.0,Proveedor_5,2024-03-1,2025-03-1,Almacen_3,BARCODE00224
225,Producto_225,Categoria_6,75,337.5,Proveedor_1,2024-03-2,2025-03-2,Almacen_1,BARCODE00225
226,Producto_226,Categoria_7,78,339.0,Proveedor_2,2024-03-3,2025-03-3,Almacen_2,BARCODE00226
227,Producto_227,Categoria_8,81,340.5,Proveedor_3,2024-03-4,2025-03-4,Almacen_3,BARCODE00227
228,Producto_228,Categoria_9,84,342.0,Proveedor_4,2024-03-5,2025-03-5,Almacen_1,BARCODE00228
229,Producto_229,Categoria_10,87,343.5,Proveedor_5,2024-03-6,2025-03-6,Almacen_2,BARCODE00229
230,Producto_230,Categoria_1,90,345.0,Proveedor_1,2024-03-7,2025-03-7,Almacen_3,BARCODE00230
231,Producto_231,Categoria_2,93,346.5,Proveedor_2,2024-03-8,2025-03-8,Almacen_1,BARCODE00231
232,Producto_232,Categoria_3,96,348.0,Proveedor_3,2024-03-9,2025-03-9,Almacen_2,BARCODE00232
233,Producto_233,Categoria_4,99,349.5,Proveedor_4,2024-03-10,2025-03-10,Almacen_3,BARCODE00233
234,Producto_234,Categoria_5,102,351.0,Proveedor_5,2024-03-11,2025-03-11,Almacen_1,BARCODE00234
235,Producto_235,Categoria_6,105,352.5,Proveedor_1,2024-03-12,2025-03-12,Almacen_2,BARCODE00235
236,Producto_236,Categoria_7,108,354.0,Proveedor_2,2024-03-13,2025-03-13,Almacen_3,BARCODE00236
237,Producto_237,Categoria_8,111,355.5,Proveedor_3,2024-03-14,2025-03-14,Almacen_1,BARCODE00237
238,Producto_238,Categoria_9,114,357.0,Proveedor_4,2024-03-15,2025-03-15,Almacen_2,BARCODE00238
239,Producto_239,Categoria_10,117,358.5,Proveedor_5,2024-03-16,2025-03-16,Almacen_3,BARCODE00239
240,Producto_240,Categoria_1,120,360.0,Proveedor_1,2024-03-17,2025-03-17,Almacen_1,BARCODE00240
241,Producto_241,Categoria_2,123,361.5,Proveedor_2,2024-03-18,2025-03-18,Almacen_2,BARCODE00241
242,Producto_242,Categoria_3,126,363.0,Proveedor_3,2024-03-19,2025-03-19,Almacen_3,BARCODE00242
243,Producto_243,Categoria_4,129,364.5,Proveedor_4,2024-03-20,2025-03-20,Almacen_1,BARCODE00243
244,Producto_244,Categoria_5,132,366.0,Proveedor_5,2024-03-21,2025-03-21,Almacen_2,BARCODE00244
245,Producto_245,Categoria_6,135,367.5,Proveedor_1,2024-03-22,2025-03-22,Almacen_3,BARCODE00245
246,Producto_246,Categoria_7,138,369.0,Proveedor_2,2024-03-23,2025-03-23,Almacen_1,BARCODE00246
247,Producto_247,Categoria_8,141,370.5,Proveedor_3,2024-03-24,2025-03-24,Almacen_2,BARCODE00247
248,Producto_248,Categoria_9,144,372.0,Proveedor_4,2024-03-25,2025-03-25,Almacen_3,BARCODE00248
249,Producto_249,Categoria_10,147,373.5,Proveedor_5,2024-03-26,2025-03-26,Almacen_1,BARCODE00249
250,Producto_250,Categoria_1,150,375.0,Proveedor_1,2024-03-27,2025-03-27,Almacen_2,BARCODE00250
251,Producto_251,Categoria_2,153,376.5,Proveedor_2,2024-03-28,2025-03-28,Almacen_3,BARCODE00251
252,Producto_252,Categoria_3,156,378.0,Proveedor_3,2024-03-1,2025-03-1,Almacen_1,BARCODE00252
253,Producto_253,Categoria_4,159,379.5,Proveedor_4,2024-03-2,2025-03-2,Almacen_2,BARCODE00253
254,Producto_254,Categoria_5,162,381.0,Proveedor_5,2024-03-3,2025-03-3,Almacen_3,BARCODE00254
255,Producto_255,Categoria_6,165,382.5,Proveedor_1,2024-03-4,2025-03-4,Almacen_1,BARCODE00255
256,Producto_256,Categoria_7,168,384.0,Proveedor_2,2024-03-5,2025-03-5,Almacen_2,BARCODE00256
257,Producto_257,Categoria_8,171,385.5,Proveedor_3,2024-03-6,2025-03-6,Almacen_3,BARCODE00257
258,Producto_258,Categoria_9,174,387.0,Proveedor_4,2024-03-7,2025-03-7,Almacen_1,BARCODE00258
259,Producto_259,Categoria_10,177,388.5,Proveedor_5,2024-03-8,2025-03-8,Almacen_2,BARCODE00259
260,Producto_260,Categoria_1,180,390.0,Proveedor_1,2024-03-9,2025-03-9,Almacen_3,BARCODE00260
261,Producto_261,Categoria_2,183,391.5,Proveedor_2,2024-03-10,2025-03-10,Almacen_1,BARCODE00261
262,Producto_262,Categoria_3,186,393.0,Proveedor_3,2024-03-11,2025-03-11,Almacen_2,BARCODE00262
263,Producto_263,Categoria_4,189,394.5,Proveedor_4,2024-03-12,2025-03-12,Almacen_3,BARCODE00263
264,Producto_264,Categoria_5,192,396.0,Proveedor_5,2024-03-13,2025-03-13,Almacen_1,BARCODE00264
265,Producto_265,Categoria_6,195,397.5,Proveedor_1,2024-03-14,2025-03-14,Almacen_2,BARCODE00265
266,Producto_266,Categoria_7,198,399.0,Proveedor_2,2024-03-15,2025-03-15,Almacen_3,BARCODE00266
267,Producto_267,Categoria_8,1,400.5,Proveedor_3,2024-03-16,2025-03-16,Almacen_1,BARCODE00267
268,Producto_268,Categoria_9,4,402.0,Proveedor_4,2024-03-17,2025-03-17,Almacen_2,BARCODE00268
269,Producto_269,Categoria_10,7,403.5,Proveedor_5,2024-03-18,2025-03-18,Almacen_3,BARCODE00269
270,Producto_270,Categoria_1,10,405.0,Proveedor_1,2024-03-19,2025-03-19,Almacen_1,BARCODE00270
271,Producto_271,Categoria_2,13,406.5,Proveedor_2,2024-03-20,2025-03-20,Almacen_2,BARCODE00271
272,Producto_272,Categoria_3,16,408.0,Proveedor_3,2024-03-21,2025-03-21,Almacen_3,BARCODE00272
273,Producto_273,Categoria_4,19,409.5,Proveedor_4,2024-03-22,2025-03-22,Almacen_1,BARCODE00273
274,Producto_274,Categoria_5,22,411.0,Proveedor_5,2024-03-23,2025-03-23,Almacen_2,BARCODE00274
275,Producto_275,Categoria_6,25,412.5,Proveedor_1,2024-03-24,2025-03-24,Almacen_3,BARCODE00275
276,Producto_276,Categoria_7,28,414.0,Proveedor_2,2024-03-25,2025-03-25,Almacen_1,BARCODE00276
277,Producto_277,Categoria_8,31,415.5,Proveedor_3,2024-03-26,2025-03-26,Almacen_2,BARCODE00277
278,Producto_278,Categoria_9,34,417.0,Proveedor_4,2024-03-27,2025-03-27,Almacen_3,BARCODE00278
279,Producto_279,Categoria_10,37,418.5,Proveedor_5,2024-03-28,2025-03-28,Almacen_1,BARCODE00279
280,Producto_280,Categoria_1,40,420.0,Proveedor_1,2024-03-1,2025-03-1,Almacen_2,BARCODE00280
281,Producto_281,Categoria_2,43,421.5,Proveedor_2,2024-03-2,2025-03-2,Almacen_3,BARCODE00281
282,Producto_282,Categoria_3,46,423.0,Proveedor_3,2024-03-3,2025-03-3,Almacen_1,BARCODE00282
283,Producto_283,Categoria_4,49,424.5,Proveedor_4,2024-03-4,2025-03-4,Almacen_2,BARCODE00283
284,Producto_284,Categoria_5,52,426.0,Proveedor_5,2024-03-5,2025-03-5,Almacen_3,BARCODE00284
285,Producto_285,Categoria_6,55,427.5,Proveedor_1,2024-03-6,2025-03-6,Almacen_1,BARCODE00285
286,Producto_286,Categoria_7,58,429.0,Proveedor_2,2024-03-7,2025-03-7,Almacen_2,BARCODE00286
287,Producto_287,Categoria_8,61,430.5,Proveedor_3,2024-03-8,2025-03-8,Almacen_3,BARCODE00287
288,Producto_288,Categoria_9,64,432.0,Proveedor_4,2024-03-9,2025-03-9,Almacen_1,BARCODE00288
289,Producto_289,Categoria_10,67,433.5,Proveedor_5,2024-03-10,2025-03-10,Almacen_2,BARCODE00289
290,Producto_290,Categoria_1,70,435.0,Proveedor_1,2024-03-11,2025-03-11,Almacen_3,BARCODE00290
291,Producto_291,Categoria_2,73,436.5,Proveedor_2,2024-03-12,2025-03-12,Almacen_1,BARCODE00291
292,Producto_292,Categoria_3,76,438.0,Proveedor_3,2024-03-13,2025-03-13,Almacen_2,BARCODE00292
293,Producto_293,Categoria_4,79,439.5,Proveedor_4,2024-03-14,2025-03-14,Almacen_3,BARCODE00293
294,Producto_294,Categoria_5,82,441.0,Proveedor_5,2024-03-15,2025-03-15,Almacen_1,BARCODE00294
295,Producto_295,Categoria_6,85,442.5,Proveedor_1,2024-03-16,2025-03-16,Almacen_2,BARCODE00295
296,Producto_296,Categoria_7,88,444.0,Proveedor_2,2024-03-17,2025-03-17,Almacen_3,BARCODE00296
297,Producto_297,Categoria_8,91,445.5,Proveedor_3,2024-03-18,2025-03-18,Almacen_1,BARCODE00297
298,Producto_298,Categoria_9,94,447.0,Proveedor_4,2024-03-19,2025-03-19,Almacen_2,BARCODE00298
299,Producto_299,Categoria_10,97,448.5,Proveedor_5,2024-03-20,2025-03-20,Almacen_3,BARCODE00299
300,Producto_300,Categoria_1,100,450.0,Proveedor_1,2024-03-21,2025-03-21,Almacen_1,BARCODE00300
301,Producto_301,Categoria_2,103,451.5,Proveedor_2,2024-03-22,2025-03-22,Almacen_2,BARCODE00301
302,Producto_302,Categoria_3,106,453.0,Proveedor_3,2024-03-23,2025-03-23,Almacen_3,BARCODE00302
303,Producto_303,Categoria_4,109,454.5,Proveedor_4,2024-03-24,2025-03-24,Almacen_1,BARCODE00303
304,Producto_304,Categoria_5,112,456.0,Proveedor_5,2024-03-25,2025-03-25,Almacen_2,BARCODE00304
305,Producto_305,Categoria_6,115,457.5,Proveedor_1,2024-03-26,2025-03-26,Almacen_3,BARCODE00305
306,Producto_306,Categoria_7,118,459.0,Proveedor_2,2024-03-27,2025-03-27,Almacen_1,BARCODE00306
307,Producto_307,Categoria_8,121,460.5,Proveedor_3,2024-03-28,2025-03-28,Almacen_2,BARCODE00307
308,Producto_308,Categoria_9,124,462.0,Proveedor_4,2024-03-1,2025-03-1,Almacen_3,BARCODE00308
309,Producto_309,Categoria_10,127,463.5,Proveedor_5,2024-03-2,2025-03-2,Almacen_1,BARCODE00309
310,Producto_310,Categoria_1,130,465.0,Proveedor_1,2024-03-3,2025-03-3,Almacen_2,BARCODE00310
311,Producto_311,Categoria_2,133,466.5,Proveedor_2,2024-03-4,2025-03-4,Almacen_3,BARCODE00311
312,Producto_312,Categoria_3,136,468.0,Proveedor_3,2024-03-5,2025-03-5,Almacen_1,BARCODE00312
313,Producto_313,Categoria_4,139,469.5,Proveedor_4,2024-03-6,2025-03-6,Almacen_2,BARCODE00313
314,Producto_314,Categoria_5,142,471.0,Proveedor_5,2024-03-7,2025-03-7,Almacen_3,BARCODE00314
315,Producto_315,Categoria_6,145,472.5,Proveedor_1,2024-03-8,2025-03-8,Almacen_1,BARCODE00315
316,Producto_316,Categoria_7,148,474.0,Proveedor_2,2024-03-9,2025-03-9,Almacen_2,BARCODE00316
317,Producto_317,Categoria_8,151,475.5,Proveedor_3,2024-03-10,2025-03-10,Almacen_3,BARCODE00317
318,Producto_318,Categoria_9,154,477.0,Proveedor_4,2024-03-11,2025-03-11,Almacen_1,BARCODE00318
319,Producto_319,Categoria_10,157,478.5,Proveedor_5,2024-03-12,2025-03-12,Almacen_2,BARCODE00319
320,Producto_320,Categoria_1,160,480.0,Proveedor_1,2024-03-13,2025-03-13,Almacen_3,BARCODE00320
321,Producto_321,Categoria_2,163,481.5,Proveedor_2,2024-03-14,2025-03-14,Almacen_1,BARCODE00321
322,Producto_322,Categoria_3,166,483.0,Proveedor_3,2024-03-15,2025-03-15,Almacen_2,BARCODE00322
323,Producto_323,Categoria_4,169,484.5,Proveedor_4,2024-03-16,2025-03-16,Almacen_3,BARCODE00323
324,Producto_324,Categoria_5,172,486.0,Proveedor_5,2024-03-17,2025-03-17,Almacen_1,BARCODE00324
325,Producto_325,Categoria_6,175,487.5,Proveedor_1,2024-03-18,2025-03-18,Almacen_2,BARCODE00325
326,Producto_326,Categoria_7,178,489.0,Proveedor_2,2024-03-19,2025-03-19,Almacen_3,BARCODE00326
327,Producto_327,Categoria_8,181,490.5,Proveedor_3,2024-03-20,2025-03-20,Almacen_1,BARCODE00327
328,Producto_328,Categoria_9,184,492.0,Proveedor_4,2024-03-21,2025-03-21,Almacen_2,BARCODE00328
329,Producto_329,Categoria_10,187,493.5,Proveedor_5,2024-03-22,2025-03-22,Almacen_3,BARCODE00329
330,Producto_330,Categoria_1,190,495.0,Proveedor_1,2024-03-23,2025-03-23,Almacen_1,BARCODE00330
331,Producto_331,Categoria_2,193,496.5,Proveedor_2,2024-03-24,2025-03-24,Almacen_2,BARCODE00331
332,Producto_332,Categoria_3,196,498.0,Proveedor_3,2024-03-25,2025-03-25,Almacen_3,BARCODE00332
333,Producto_333,Categoria_4,199,499.5,Proveedor_4,2024-03-26,2025-03-26,Almacen_1,BARCODE00333
334,Producto_334,Categoria_5,2,1.0,Proveedor_5,2024-03-27,2025-03-27,Almacen_2,BARCODE00334
335,Producto_335,Categoria_6,5,2.5,Proveedor_1,2024-03-28,2025-03-28,Almacen_3,BARCODE00335
336,Producto_336,Categoria_7,8,4.0,Proveedor_2,2024-03-1,2025-03-1,Almacen_1,BARCODE00336
337,Producto_337,Categoria_8,11,5.5,Proveedor_3,2024-03-2,2025-03-2,Almacen_2,BARCODE00337
338,Producto_338,Categoria_9,14,7.0,Proveedor_4,2024-03-3,2025-03-3,Almacen_3,BARCODE00338
339,Producto_339,Categoria_10,17,8.5,Proveedor_5,2024-03-4,2025-03-4,Almacen_1,BARCODE00339
340,Producto_340,Categoria_1,20,10.0,Proveedor_1,2024-03-5,2025-03-5,Almacen_2,BARCODE00340
341,Producto_341,Categoria_2,23,11.5,Proveedor_2,2024-03-6,2025-03-6,Almacen_3,BARCODE00341
342,Producto_342,Categoria_3,26,13.0,Proveedor_3,2024-03-7,2025-03-7,Almacen_1,BARCODE00342
343,Producto_343,Categoria_4,29,14.5,Proveedor_4,2024-03-8,2025-03-8,Almacen_2,BARCODE00343
344,Producto_344,Categoria_5,32,16.0,Proveedor_5,2024-03-9,2025-03-9,Almacen_3,BARCODE00344
345,Producto_345,Categoria_6,35,17.5,Proveedor_1,2024-03-10,2025-03-10,Almacen_1,BARCODE00345
346,Producto_346,Categoria_7,38,19.0,Proveedor_2,2024-03-11,2025-03-11,Almacen_2,BARCODE00346
347,Producto_347,Categoria_8,41,20.5,Proveedor_3,2024-03-12,2025-03-12,Almacen_3,BARCODE00347
348,Producto_348,Categoria_9,44,22.0,Proveedor_4,2024-03-13,2025-03-13,Almacen_1,BARCODE00348
349,Producto_349,Categoria_10,47,23.5,Proveedor_5,2024-03-14,2025-03-14,Almacen_2,BARCODE00349
350,Producto_350,Categoria_1,50,25.0,Proveedor_1,2024-03-15,2025-03-15,Almacen_3,BARCODE00350
351,Producto_351,Categoria_2,53,26.5,Proveedor_2,2024-03-16,2025-03-16,Almacen_1,BARCODE00351
352,Producto_352,Categoria_3,56,28.0,Proveedor_3,2024-03-17,2025-03-17,Almacen_2,BARCODE00352
353,Producto_353,Categoria_4,59,29.5,Proveedor_4,2024-03-18,2025-03-18,Almacen_3,BARCODE00353
354,Producto_354,Categoria_5,62,31.0,Proveedor_5,2024-03-19,2025-03-19,Almacen_1,BARCODE00354
355,Producto_355,Categoria_6,65,32.5,Proveedor_1,2024-03-20,2025-03-20,Almacen_2,BARCODE00355
356,Producto_356,Categoria_7,68,34.0,Proveedor_2,2024-03-21,2025-03-21,Almacen_3,BARCODE00356
357,Producto_357,Categoria_8,71,35.5,Proveedor_3,2024-03-22,2025-03-22,Almacen_1,BARCODE00357
358,Producto_358,Categoria_9,74,37.0,Proveedor_4,2024-03-23,2025-03-23,Almacen_2,BARCODE00358
359,Producto_359,Categoria_10,77,38.5,Proveedor_5,2024-03-24,2025-03-24,Almacen_3,BARCODE00359
360,Producto_360,Categoria_1,80,40.0,Proveedor_1,2024-03-25,2025-03-25,Almacen_1,BARCODE00360
361,Producto_361,Categoria_2,83,41.5,Proveedor_2,2024-03-26,2025-03-26,Almacen_2,BARCODE00361
362,Producto_362,Categoria_3,86,43.0,Proveedor_3,2024-03-27,2025-03-27,Almacen_3,BARCODE00362
363,Producto_363,Categoria_4,89,44.5,Proveedor_4,2024-03-28,2025-03-28,Almacen_1,BARCODE00363
364,Producto_364,Categoria_5,92,46.0,Proveedor_5,2024-03-1,2025-03-1,Almacen_2,BARCODE00364
365,Producto_365,Categoria_6,95,47.5,Proveedor_1,2024-03-2,2025-03-2,Almacen_3,BARCODE00365
366,Producto_366,Categoria_7,98,49.0,Proveedor_2,2024-03-3,2025-03-3,Almacen_1,BARCODE00366
367,Producto_367,Categoria_8,101,50.5,Proveedor_3,2024-03-4,2025-03-4,Almacen_2,BARCODE00367
368,Producto_368,Categoria_9,104,52.0,Proveedor_4,2024-03-5,2025-03-5,Almacen_3,BARCODE00368
369,Producto_369,Categoria_10,107,53.5,Proveedor_5,2024-03-6,2025-03-6,Almacen_1,BARCODE00369
370,Producto_370,Categoria_1,110,55.0,Proveedor_1,2024-03-7,2025-03-7,Almacen_2,BARCODE00370
371,Producto_371,Categoria_2,113,56.5,Proveedor_2,2024-03-8,2025-03-8,Almacen_3,BARCODE00371
372,Producto_372,Categoria_3,116,58.0,Proveedor_3,2024-03-9,2025-03-9,Almacen_1,BARCODE00372
373,Producto_373,Categoria_4,119,59.5,Proveedor_4,2024-03-10,2025-03-10,Almacen_2,BARCODE00373
374,Producto_374,Categoria_5,122,61.0,Proveedor_5,2024-03-11,2025-03-11,Almacen_3,BARCODE00374
375,Producto_375,Categoria_6,125,62.5,Proveedor_1,2024-03-12,2025-03-12,Almacen_1,BARCODE00375
376,Producto_376,Categoria_7,128,64.0,Proveedor_2,2024-03-13,2025-03-13,Almacen_2,BARCODE00376
377,Producto_377,Categoria_8,131,65.5,Proveedor_3,2024-03-14,2025-03-14,Almacen_3,BARCODE00377
378,Producto_378,Categoria_9,134,67.0,Proveedor_4,2024-03-15,2025-03-15,Almacen_1,BARCODE00378
379,Producto_379,Categoria_10,137,68.5,Proveedor_5,2024-03-16,2025-03-16,Almacen_2,BARCODE00379
380,Producto_380,Categoria_1,140,70.0,Proveedor_1,2024-03-17,2025-03-17,Almacen_3,BARCODE00380
381,Producto_381,Categoria_2,143,71.5,Proveedor_2,2024-03-18,2025-03-18,Almacen_1,BARCODE00381
382,Producto_382,Categoria_3,146,73.0,Proveedor_3,2024-03-19,2025-03-19,Almacen_2,BARCODE00382
383,Producto_383,Categoria_4,149,74.5,Proveedor_4,2024-03-20,2025-03-20,Almacen_3,BARCODE00383
384,Producto_384,Categoria_5,152,76.0,Proveedor_5,2024-03-21,2025-03-21,Almacen_1,BARCODE00384
385,Producto_385,Categoria_6,155,77.5,Proveedor_1,2024-03-22,2025-03-22,Almacen_2,BARCODE00385
386,Producto_386,Categoria_7,158,79.0,Proveedor_2,2024-03-23,2025-03-23,Almacen_3,BARCODE00386
387,Producto_387,Categoria_8,161,80.5,Proveedor_3,2024-03-24,2025-03-24,Almacen_1,BARCODE00387
388,Producto_388,Categoria_9,164,82.0,Proveedor_4,2024-03-25,2025-03-25,Almacen_2,BARCODE00388
389,Producto_389,Categoria_10,167,83.5,Proveedor_5,2024-03-26,2025-03-26,Almacen_3,BARCODE00389
390,Producto_390,Categoria_1,170,85.0,Proveedor_1,2024-03-27,2025-03-27,Almacen_1,BARCODE00390
391,Producto_391,Categoria_2,173,86.5,Proveedor_2,2024-03-28,2025-03-28,Almacen_2,BARCODE00391
392,Producto_392,Categoria_3,176,88.0,Proveedor_3,2024-03-1,2025-03-1,Almacen_3,BARCODE00392
393,Producto_393,Categoria_4,179,89.5,Proveedor_4,2024-03-2,2025-03-2,Almacen_1,BARCODE00393
394,Producto_394,Categoria_5,182,91.0,Proveedor_5,2024-03-3,2025-03-3,Almacen_2,BARCODE00394
395,Producto_395,Categoria_6,185,92.5,Proveedor_1,2024-03-4,2025-03-4,Almacen_3,BARCODE00395
396,Producto_396,Categoria_7,188,94.0,Proveedor_2,2024-03-5,2025-03-5,Almacen_1,BARCODE00396
397,Producto_397,Categoria_8,191,95.5,Proveedor_3,2024-03-6,2025-03-6,Almacen_2,BARCODE00397
398,Producto_398,Categoria_9,194,97.0,Proveedor_4,2024-03-7,2025-03-7,Almacen_3,BARCODE00398
399,Producto_399,Categoria_10,197,98.5,Proveedor_5,2024-03-8,2025-03-8,Almacen_1,BARCODE00399
400,Producto_400,Categoria_1,0,100.0,Proveedor_1,2024-03-9,2025-03-9,Almacen_2,BARCODE00400
401,Producto_401,Categoria_2,3,101.5,Proveedor_2,2024-03-10,2025-03-10,Almacen_3,BARCODE00401
402,Producto_402,Categoria_3,6,103.0,Proveedor_3,2024-03-11,2025-03-11,Almacen_1,BARCODE00402
403,Producto_403,Categoria_4,9,104.5,Proveedor_4,2024-03-12,2025-03-12,Almacen_2,BARCODE00403
404,Producto_404,Categoria_5,12,106.0,Proveedor_5,2024-03-13,2025-03-13,Almacen_3,BARCODE00404
405,Producto_405,Categoria_6,15,107.5,Proveedor_1,2024-03-14,2025-03-14,Almacen_1,BARCODE00405
406,Producto_406,Categoria_7,18,109.0,Proveedor_2,2024-03-15,2025-03-15,Almacen_2,BARCODE00406
407,Producto_407,Categoria_8,21,110.5,Proveedor_3,2024-03-16,2025-03-16,Almacen_3,BARCODE00407
408,Producto_408,Categoria_9,24,112.0,Proveedor_4,2024-03-17,2025-03-17,Almacen_1,BARCODE00408
409,Producto_409,Categoria_10,27,113.5,Proveedor_5,2024-03-18,2025-03-18,Almacen_2,BARCODE00409
410,Producto_410,Categoria_1,30,115.0,Proveedor_1,2024-03-19,2025-03-19,Almacen_3,BARCODE00410
411,Producto_411,Categoria_2,33,116.5,Proveedor_2,2024-03-20,2025-03-20,Almacen_1,BARCODE00411
412,Producto_412,Categoria_3,36,118.0,Proveedor_3,2024-03-21,2025-03-21,Almacen_2,BARCODE00412
413,Producto_413,Categoria_4,39,119.5,Proveedor_4,2024-03-22,2025-03-22,Almacen_3,BARCODE00413
414,Producto_414,Categoria_5,42,121.0,Proveedor_5,2024-03-23,2025-03-23,Almacen_1,BARCODE00414
415,Producto_415,Categoria_6,45,122.5,Proveedor_1,2024-03-24,2025-03-24,Almacen_2,BARCODE00415
416,Producto_416,Categoria_7,48,124.0,Proveedor_2,2024-03-25,2025-03-25,Almacen_3,BARCODE00416
417,Producto_417,Categoria_8,51,125.5,Proveedor_3,2024-03-26,2025-03-26,Almacen_1,BARCODE00417
418,Producto_418,Categoria_9,54,127.0,Proveedor_4,2024-03-27,2025-03-27,Almacen_2,BARCODE00418
419,Producto_419,Categoria_10,57,128.5,Proveedor_5,2024-03-28,2025-03-28,Almacen_3,BARCODE00419
420,Producto_420,Categoria_1,60,130.0,Proveedor_1,2024-03-1,2025-03-1,Almacen_1,BARCODE00420
421,Producto_421,Categoria_2,63,131.5,Proveedor_2,2024-03-2,2025-03-2,Almacen_2,BARCODE00421
422,Producto_422,Categoria_3,66,133.0,Proveedor_3,2024-03-3,2025-03-3,Almacen_3,BARCODE00422
423,Producto_423,Categoria_4,69,134.5,Proveedor_4,2024-03-4,2025-03-4,Almacen_1,BARCODE00423
424,Producto_424,Categoria_5,72,136.0,Proveedor_5,2024-03-5,2025-03-5,Almacen_2,BARCODE00424
425,Producto_425,Categoria_6,75,137.5,Proveedor_1,2024-03-6,2025-03-6,Almacen_3,BARCODE00425
426,Producto_426,Categoria_7,78,139.0,Proveedor_2,2024-03-7,2025-03-7,Almacen_1,BARCODE00426
427,Producto_427,Categoria_8,81,140.5,Proveedor_3,2024-03-8,2025-03-8,Almacen_2,BARCODE00427
428,Producto_428,Categoria_9,84,142.0,Proveedor_4,2024-03-9,2025-03-9,Almacen_3,BARCODE00428
429,Producto_429,Categoria_10,87,143.5,Proveedor_5,2024-03-10,2025-03-10,Almacen_1,BARCODE00429
430,Producto_430,Categoria_1,90,145.0,Proveedor_1,2024-03-11,2025-03-11,Almacen_2,BARCODE00430
431,Producto_431,Categoria_2,93,146.5,Proveedor_2,2024-03-12,2025-03-12,Almacen_3,BARCODE00431
432,Producto_432,Categoria_3,96,148.0,Proveedor_3,2024-03-13,2025-03-13,Almacen_1,BARCODE00432
433,Producto_433,Categoria_4,99,149.5,Proveedor_4,2024-03-14,2025-03-14,Almacen_2,BARCODE00433
434,Producto_434,Categoria_5,102,151.0,Proveedor_5,2024-03-15,2025-03-15,Almacen_3,BARCODE00434
435,Producto_435,Categoria_6,105,152.5,Proveedor_1,2024-03-16,2025-03-16,Almacen_1,BARCODE00435
436,Producto_436,Categoria_7,108,154.0,Proveedor_2,2024-03-17,2025-03-17,Almacen_2,BARCODE00436
437,Producto_437,Categoria_8,111,155.5,Proveedor_3,2024-03-18,2025-03-18,Almacen_3,BARCODE00437
438,Producto_438,Categoria_9,114,157.0,Proveedor_4,2024-03-19,2025-03-19,Almacen_1,BARCODE00438
439,Producto_439,Categoria_10,117,158.5,Proveedor_5,2024-03-20,2025-03-20,Almacen_2,BARCODE00439
440,Producto_440,Categoria_1,120,160.0,Proveedor_1,2024-03-21,2025-03-21,Almacen_3,BARCODE00440
441,Producto_441,Categoria_2,123,161.5,Proveedor_2,2024-03-22,2025-03-22,Almacen_1,BARCODE00441
442,Producto_442,Categoria_3,126,163.0,Proveedor_3,2024-03-23,2025-03-23,Almacen_2,BARCODE00442
443,Producto_443,Categoria_4,129,164.5,Proveedor_4,2024-03-24,2025-03-24,Almacen_3,BARCODE00443
444,Producto_444,Categoria_5,132,166.0,Proveedor_5,2024-03-25,2025-03-25,Almacen_1,BARCODE00444
445,Producto_445,Categoria_6,135,167.5,Proveedor_1,2024-03-26,2025-03-26,Almacen_2,BARCODE00445
446,Producto_446,Categoria_7,138,169.0,Proveedor_2,2024-03-27,2025-03-27,Almacen_3,BARCODE00446
447,Producto_447,Categoria_8,141,170.5,Proveedor_3,2024-03-28,2025-03-28,Almacen_1,BARCODE00447
448,Producto_448,Categoria_9,144,172.0,Proveedor_4,2024-03-1,2025-03-1,Almacen_2,BARCODE00448
449,Producto_449,Categoria_10,147,173.5,Proveedor_5,2024-03-2,2025-03-2,Almacen_3,BARCODE00449
450,Producto_450,Categoria_1,150,175.0,Proveedor_1,2024-03-3,2025-03-3,Almacen_1,BARCODE00450
451,Producto_451,Categoria_2,153,176.5,Proveedor_2,2024-03-4,2025-03-4,Almacen_2,BARCODE00451
452,Producto_452,Categoria_3,156,178.0,Proveedor_3,2024-03-5,2025-03-5,Almacen_3,BARCODE00452
453,Producto_453,Categoria_4,159,179.5,Proveedor_4,2024-03-6,2025-03-6,Almacen_1,BARCODE00453
454,Producto_454,Categoria_5,162,181.0,Proveedor_5,2024-03-7,2025-03-7,Almacen_2,BARCODE00454
455,Producto_455,Categoria_6,165,182.5,Proveedor_1,2024-03-8,2025-03-8,Almacen_3,BARCODE00455
456,Producto_456,Categoria_7,168,184.0,Proveedor_2,2024-03-9,2025-03-9,Almacen_1,BARCODE00456
457,Producto_457,Categoria_8,171,185.5,Proveedor_3,2024-03-10,2025-03-10,Almacen_2,BARCODE00457
458,Producto_458,Categoria_9,174,187.0,Proveedor_4,2024-03-11,2025-03-11,Almacen_3,BARCODE00458
459,Producto_459,Categoria_10,177,188.5,Proveedor_5,2024-03-12,2025-03-12,Almacen_1,BARCODE00459
460,Producto_460,Categoria_1,180,190.0,Proveedor_1,2024-03-13,2025-03-13,Almacen_2,BARCODE00460
461,Producto_461,Categoria_2,183,191.5,Proveedor_2,2024-03-14,2025-03-14,Almacen_3,BARCODE00461
462,Producto_462,Categoria_3,186,193.0,Proveedor_3,2024-03-15,2025-03-15,Almacen_1,BARCODE00462
463,Producto_463,Categoria_4,189,194.5,Proveedor_4,2024-03-16,2025-03-16,Almacen_2,BARCODE00463
464,Producto_464,Categoria_5,192,196.0,Proveedor_5,2024-03-17,2025-03-17,Almacen_3,BARCODE00464
465,Producto_465,Categoria_6,195,197.5,Proveedor_1,2024-03-18,2025-03-18,Almacen_1,BARCODE00465
466,Producto_466,Categoria_7,198,199.0,Proveedor_2,2024-03-19,2025-03-19,Almacen_2,BARCODE00466
467,Producto_467,Categoria_8,1,200.5,Proveedor_3,2024-03-20,2025-03-20,Almacen_3,BARCODE00467
468,Producto_468,Categoria_9,4,202.0,Proveedor_4,2024-03-21,2025-03-21,Almacen_1,BARCODE00468
469,Producto_469,Categoria_10,7,203.5,Proveedor_5,2024-03-22,2025-03-22,Almacen_2,BARCODE00469
470,Producto_470,Categoria_1,10,205.0,Proveedor_1,2024-03-23,2025-03-23,Almacen_3,BARCODE00470
471,Producto_471,Categoria_2,13,206.5,Proveedor_2,2024-03-24,2025-03-24,Almacen_1,BARCODE00471
472,Producto_472,Categoria_3,16,208.0,Proveedor_3,2024-03-25,2025-03-25,Almacen_2,BARCODE00472
473,Producto_473,Categoria_4,19,209.5,Proveedor_4,2024-03-26,2025-03-26,Almacen_3,BARCODE00473
474,Producto_474,Categoria_5,22,211.0,Proveedor_5,2024-03-27,2025-03-27,Almacen_1,BARCODE00474
475,Producto_475,Categoria_6,25,212.5,Proveedor_1,2024-03-28,2025-03-28,Almacen_2,BARCODE00475
476,Producto_476,Categoria_7,28,214.0,Proveedor_2,2024-03-1,2025-03-1,Almacen_3,BARCODE00476
477,Producto_477,Categoria_8,31,215.5,Proveedor_3,2024-03-2,2025-03-2,Almacen_1,BARCODE00477
478,Producto_478,Categoria_9,34,217.0,Proveedor_4,2024-03-3,2025-03-3,Almacen_2,BARCODE00478
479,Producto_479,Categoria_10,37,218.5,Proveedor_5,2024-03-4,2025-03-4,Almacen_3,BARCODE00479
480,Producto_480,Categoria_1,40,220.0,Proveedor_1,2024-03-5,2025-03-5,Almacen_1,BARCODE00480
481,Producto_481,Categoria_2,43,221.5,Proveedor_2,2024-03-6,2025-03-6,Almacen_2,BARCODE00481
482,Producto_482,Categoria_3,46,223.0,Proveedor_3,2024-03-7,2025-03-7,Almacen_3,BARCODE00482
483,Producto_483,Categoria_4,49,224.5,Proveedor_4,2024-03-8,2025-03-8,Almacen_1,BARCODE00483
484,Producto_484,Categoria_5,52,226.0,Proveedor_5,2024-03-9,2025-03-9,Almacen_2,BARCODE00484
485,Producto_485,Categoria_6,55,227.5,Proveedor_1,2024-03-10,2025-03-10,Almacen_3,BARCODE00485
486,Producto_486,Categoria_7,58,229.0,Proveedor_2,2024-03-11,2025-03-11,Almacen_1,BARCODE00486
487,Producto_487,Categoria_8,61,230.5,Proveedor_3,2024-03-12,2025-03-12,Almacen_2,BARCODE00487
488,Producto_488,Categoria_9,64,232.0,Proveedor_4,2024-03-13,2025-03-13,Almacen_3,BARCODE00488
489,Producto_489,Categoria_10,67,233.5,Proveedor_5,2024-03-14,2025-03-14,Almacen_1,BARCODE00489
490,Producto_490,Categoria_1,70,235.0,Proveedor_1,2024-03-15,2025-03-15,Almacen_2,BARCODE00490
491,Producto_491,Categoria_2,73,236.5,Proveedor_2,2024-03-16,2025-03-16,Almacen_3,BARCODE00491
492,Producto_492,Categoria_3,76,238.0,Proveedor_3,2024-03-17,2025-03-17,Almacen_1,BARCODE00492
493,Producto_493,Categoria_4,79,239.5,Proveedor_4,2024-03-18,2025-03-18,Almacen_2,BARCODE00493
494,Producto_494,Categoria_5,82,241.0,Proveedor_5,2024-03-19,2025-03-19,Almacen_3,BARCODE00494
495,Producto_495,Categoria_6,85,242.5,Proveedor_1,2024-03-20,2025-03-20,Almacen_1,BARCODE00495
496,Producto_496,Categoria_7,88,244.0,Proveedor_2,2024-03-21,2025-03-21,Almacen_2,BARCODE00496
497,Producto_497,Categoria_8,91,245.5,Proveedor_3,2024-03-22,2025-03-22,Almacen_3,BARCODE00497
498,Producto_498,Categoria_9,94,247.0,Proveedor_4,2024-03-23,2025-03-23,Almacen_1,BARCODE00498
499,Producto_499,Categoria_10,97,248.5,Proveedor_5,2024-03-24,2025-03-24,Almacen_2,BARCODE00499
500,Producto_500,Categoria_1,100,250.0,Proveedor_1,2024-03-25,2025-03-25,Almacen_3,BARCODE00500
